accountNumber,accountName,address1,address2,city,countryName,zipCode,state,countryCode,parentAccount
ALLIANCE TIRE_M,ALLIANCE TIRE AMERICAS MASTER,201 EDGEWATER DRIVE,SUITE 285,WAKEFIELD,1880,MA,UNITED STATES,US,
1000485410,ALLIANCE TIRE AMERICAS,201 EDGEWATER DRIVE,SUITE 285,WAKEFIELD,1880,MA,UNITED STATES,US,ALLIANCE TIRE_M
APOLLO_M,APOLLO MASTER,1175 PEACHTREE STREET NE,10TH FL,ATLANTA,30361,GA,UNITED STATES,US,
1000511921,APOLLO EXPORT WAREHOUSE,6950 NW 77TH COURT,SUITE 5&6,MIAMI,33166,FL,UNITED STATES,US,APOLLO_M
1000494374,APOLLO INTERNATIONAL FORWARDERS INC,2455 EAST SUNRISE BLVD,SUITE 801,FORT LAUDERDALE,33304,FL,UNITED STATES,US,APOLLO_M
1000242889,APOLLO METRO SOLUTIONS INC,2675 HORSESHOE DR S,STE 401,NAPLES,34104,FL,UNITED STATES,US,APOLLO_M
1000259220,APOLLO VREDESTEIN TIRES INC,1175 PEACHTREE STREET NE,10TH FL,ATLANTA,30361,GA,UNITED STATES,US,APOLLO_M
1000362260,AVAYA INC POST PETITION BANKRUPTCY,4655 GREAT AMERICA PKWY,,SANTA CLARA,95054,CA,UNITED STATES,US,AVAYA_M
1000364047,"AVAYA,INC.DEBIT ACCOUNT ONLY ""POST","PETITION ACCOUNT""",4655 GREAT AMERICA PKWY,SANTA CLARA,95054,CA,UNITED STATES,US,AVAYA_M
BAKERLY_M,BAKERLY LLC MASTER,4300 BRADEN BLVD E,,EASTON,18040,PA,UNITED STATES,US,
1000588438,BAKERLY LLC,4300 BRADEN BLVD E,,EASTON,18040,PA,UNITED STATES,US,BAKERLY_M
BLUE MOOSE CLOTHING_M,BLUE MOOSE CLOTHING MASTER,MANITOBAH MUKLUKS,100 90 SUTHERLAND AVE,WINNIPEG,R2W 3C7,MB,CANADA,CA,
1000649825,BLUE MOOSE CLOTHING CO LTD,MANITOBAH MUKLUKS,100 90 SUTHERLAND AVE,WINNIPEG,R2W 3C7,MB,CANADA,CA,BLUE MOOSE CLOTHING_M
1000547618,BORR DRILLING MALAYSIA SDN BHD,JLN STESEN SENTRAL 5,KL SENTRAL,K LUMPUR,50470,.,MALAYSIA,MY,BORR DRILLING_M
1000669018,BORR DRILLING MALAYSIA SDN. BHD,SMA GOLDEN EAGLE REALTY,JALAN AMPANG,K LUMPUR,50450,.,MALAYSIA,MY,BORR DRILLING_M
1000646721,BORR DRILLING SERVICES LLC,OFFICE 937 REGUSAI FARDAN TOWERS 9T,"AL FUNDUQ STREET 61, WEST BAY",DOHA,31316,.,QATAR,QA,BORR DRILLING_M
1000544933,BORR GERD INC (MARSHALL ISL) BORR,DRLLG MGM DMCC (RIG: GERD AAA),P.O. BOX 36913,"DUBAI,",,.,UAE,AE,BORR DRILLING_M
1000544931,BORR GROA INC (MARSHALL ISL),"C/O QUORUM LIMITED, 36913,",BERMUDA,HAMILTON,,.,UAE,AE,BORR DRILLING_M
1000512723,BORR JACK-UP XXXII INC. C/O BORR,"PO BOX 36913, DUBAI AE - UNITED",ARAB EMIRATES,DUBAI,,.,UAE,AE,BORR DRILLING_M
1000506041,BORR SEA OPERATIONS INC BANN ON NUT,CONDO BB BLDG FLR SP 998/161 SOI ON,NUT SOI ON NUT 30-32 SUKHUMVIT 77,DUBAI,10250,.,UAE,AE,BORR DRILLING_M
CALIFORNIA INNOVATIONS_M,CALIFORNIA INNOVATIONS MASTER,36 DUFFLAW ROAD,,TORONTO,M6A 2W1,ON,CANADA,CA,
1000633801,CALIFORNIA INNOVATIONS,36 DUFFLAW ROAD,,TORONTO,M6A 2W1,ON,CANADA,CA,CALIFORNIA INNOVATIONS_M
1000332956,CATERPILLAR NEWBERRY LLC,40 MAWSONS WAY,,NEWBERRY,29108,SC,UNITED STATES,US,CAT_M
WALMART_M,CMA-CGM/WALMART MASTER,5701 LAKE WRIGHT DRIVE,,NORFOLK,23502,VA,UNITED STATES,US,
1000505504,CMA-CGM/WALMART,5701 LAKE WRIGHT DRIVE,,NORFOLK,23502,VA,UNITED STATES,US,WALMART_M
CROCS_M,CROCS INC MASTER,13601 VIA VARRA,,BROOMFIELD,80020,CO,UNITED STATES,US,
1000599432,"CROCS, INC",13601 VIA VARRA,,BROOMFIELD,80020,CO,UNITED STATES,US,CROCS_M
DAMCO_M,DAMCO DISTRIBUTION SERVICES MASTER,180 PARK AVENUE,BLDG 105,FLORHAM PARK,7932,NJ,UNITED STATES,US,
1000551722,DAMCO DISTRIBUTION SERVICES INC,180 PARK AVENUE,BLDG 105,FLORHAM PARK,7932,NJ,UNITED STATES,US,DAMCO_M
DANBY PRODUCT_M,DANBY PRODUCTS MASTER,P.O. BOX 669 1800 PRODUCTION DRIVE,,FINDLAY,45840,OH,UNITED STATES,US,
1000444471,DANBY PRODUCTS INC.,P.O. BOX 669 1800 PRODUCTION DRIVE,,FINDLAY,45840,OH,UNITED STATES,US,DANBY PRODUCT_M
1000487215,DELL INC,ONE DELL WAY,,AUSTIN,78682,TX,UNITED STATES,US,DELL_M
1000649816,DELL INC,ONE DELL WAY,,ROUND ROCK,78682,TX,UNITED STATES,US,DELL_M
1000487197,DELL INC,ONE DELL WAY,,ROUND ROCK,78682,TX,UNITED STATES,US,DELL_M
1000258646,"DELL WILL CUSTOMS BROKER (USA),INC.",26480 NORTHLINE COMMERCE DR STE 912,,TAYLOR,48180,MI,UNITED STATES,US,DELL_M
EXPEDITORS _M,EXPEDITORS INTL OF WASHINGTON MASTER,1015 3RD AVE,,SEATTLE,98104,WA,UNITED STATES,US,
1000297948,EXPEDITORS,18255 HUMBLE PARKWAY,,HUMBLE,77338,TX,UNITED STATES,US,EXPEDITORS _M
1000542783,EXPEDITORS INTERNATIONAL OF,345 ROUSER ROAD BUILDING 5,SUITE 500,MOON TOWNSHIP,15108,PA,UNITED STATES,US,EXPEDITORS _M
7525749,EXPEDITORS INTL,506 E DALLAS RD,,DALLAS,76051,TX,UNITED STATES,US,EXPEDITORS _M
1000244178,EXPEDITORS INTL OF WASHINGTON INC,1015 3RD AVE,,SEATTLE,98104,WA,UNITED STATES,US,EXPEDITORS _M
FERGUSON_M,FERGUSON ENTERPRISE MASTER,12500 JEFFERSON AVENUE,,NEWPORT NEWS,23602,VA,UNITED STATES,US,
1000373306,FERGUSON ENTERPRISE LLC,12500 JEFFERSON AVENUE,,NEWPORT NEWS,23602,VA,UNITED STATES,US,FERGUSON_M
783183,FUJITSU NETWORK COMMUNICATIONS INC,2801 TELECOM PKY,RICHARDSON TX 75082,RICHARDSON,75082,TX,UNITED STATES,US,FUJITSU_M
1000575922,HP INC,1209 ORANGE STREET,,WILMINGTON,19801,DE,UNITED STATES,US,HP_M
INFINERA CORP_M,INFINERA CORPORATION MASTER,140 CASPIAN COURT,,SUNNYVALE,94089,CA,UNITED STATES,US,
1000556338,INFINERA CORPORATION,140 CASPIAN COURT,,SUNNYVALE,94089,CA,UNITED STATES,US,INFINERA CORP_M
INNOVAIRRE GLOBAL_M,INNOVAIRRE GLOBAL MASTER,2 EXECTIVE CAMPUS # 200,,CHERRY HILL,8002,NJ,UNITED STATES,US,
1000479128,INNOVAIRRE GLOBAL,2 EXECTIVE CAMPUS # 200,,CHERRY HILL,8002,NJ,UNITED STATES,US,INNOVAIRRE GLOBAL_M
INTERPARFUMS_M,INTERPARFUMS USA MASTER,551 5TH AVENUE SUITE 155,,NEW YORK,10176,NY,UNITED STATES,US,
1000657116,INTERPARFUMS USA LLC,551 5TH AVENUE SUITE 155,,NEW YORK,10176,NY,UNITED STATES,US,INTERPARFUMS_M
INTIRION CORPORATION_M,INTIRION CORPORATION MASTER,2 ANNETTE RD,SUITE3,FOXBORO,2035,MA,UNITED STATES,US,
1000445608,INTIRION CORPORATION,2 ANNETTE RD,SUITE3,FOXBORO,2035,MA,UNITED STATES,US,INTIRION CORPORATION_M
JABIL_M,JABIL MASTER,6375 SAN IGNACIO AVE,,SAN JOSE,95119,CA,UNITED STATES,US,
1000167768,JABIL CIRCUIT DE CHIHUAHUA S DE RL,"COMPLEJO INDUSTRIAL CHIHUAHUA,","CHIHUAHUA,CHIHUAHUA",CHIHUAHUA,CHH 31136,.,MEXICO,MX,JABIL_M
1000664158,JABIL INC,6375 SAN IGNACIO AVE,,SAN JOSE,95119,CA,UNITED STATES,US,JABIL_M
KLA_M,KLA MASTER,41707 CHRISTY ST,,FREMONT,94538,CA,UNITED STATES,US,
1000513485,KLA,41707 CHRISTY ST,,FREMONT,94538,CA,UNITED STATES,US,KLA_M
LL FLOORING_M,LL FLOORING SERVICES MASTER,4901 BAKERS MILL LN,,RICHMOND,23230,VA,UNITED STATES,US,
1000514504,"LL FLOORING SERVICES, LLC",4901 BAKERS MILL LN,,RICHMOND,23230,VA,UNITED STATES,US,LL FLOORING_M
1000461659,LOCKHEED MARTIN SPACE,1111 LOCKHEED MARTIN WAY,,SUNNYVALE,94089,CA,UNITED STATES,US,LOCKHEED_M
MICROSOFT_M,MICROSOFT IRELAND OPERATIONS MASTER,ONE MICROSOFT PLACE,SOUTH COUNTY BUSINESS PARK,DUBLIN,D18 P521,.,IRELAND,IE,
1000549257,MICROSOFT IRELAND OPERATIONS,ONE MICROSOFT PLACE,SOUTH COUNTY BUSINESS PARK,DUBLIN,D18 P521,.,IRELAND,IE,MICROSOFT_M
MORPHE_M,MORPHE MASTER,22 FOURTH STREET 4TH FLOOR,,SAN FRANCISCO,94103,CA,UNITED STATES,US,
1000415516,MORPHE LLC,22 FOURTH STREET 4TH FLOOR,,SAN FRANCISCO,94103,CA,UNITED STATES,US,MORPHE_M
MOTOROLA_M,MOTOROLA SOLUTIONS MASTER,2520 GALVIN DR,,ELGIN,60124,IL,UNITED STATES,US,
1000350493,MOTOROLA SOLUTIONS,2520 GALVIN DR,,ELGIN,60124,IL,UNITED STATES,US,MOTOROLA_M
MUNCHKIN_M,MUNCHKIN MASTER,27334 SAN BERNARDINO AVE,,REDLANDS,92374,CA,UNITED STATES,US,
1000514552,MUNCHKIN INC,27334 SAN BERNARDINO AVE,,REDLANDS,92374,CA,UNITED STATES,US,MUNCHKIN_M
OLD TIME POTTERY_M,OLD TIME POTTERY MASTER,480 RIVER ROCK BLVD,,MURFREESBORO,37128,TN,UNITED STATES,US,
1000530601,"OLD TIME POTTERY ""POST PETITION""",480 RIVER ROCK BLVD,,MURFREESBORO,37128,TN,UNITED STATES,US,OLD TIME POTTERY_M
SANDVIK_M,SANDVIK SMC LOGISTICS MASTER,877 WEST CROSSROADS PARKWAY,,ROMEOVILLE,60446,IL,UNITED STATES,US,
1000393045,SANDVIK SMC LOGISTIC LTD,877 WEST CROSSROADS PARKWAY,,ROMEOVILLE,60446,IL,UNITED STATES,US,SANDVIK_M
1000655341,SANDVIK SMC LOGISTICS LTD,877 WEST CROSSROADS PARKWAY,,ROMEOVILLE,60446,IL,UNITED STATES,US,SANDVIK_M
SCHNEIDER_M,SCHNEIDER ELECTRIC MASTER,1 BOSTON PL STE 2700,,BOSTON,2108,MA,UNITED STATES,US,
1000641721,SCHNEIDER ELECTRIC,1 BOSTON PL STE 2700,,BOSTON,2108,MA,UNITED STATES,US,SCHNEIDER_M
STARBUCKS_M,STARBUCKS - EXPEDITORS MASTER,INTERNATIONAL,26 CENTURY BLVD SUITE 702,NASHVILLE,37214,TN,UNITED STATES,US,
1000587751,STARBUCKS - EXPEDITORS,INTERNATIONAL,19119 16TH AVE SOUTH,SEATAC,98188,WA,UNITED STATES,US,STARBUCKS_M
1000679406,STARBUCKS - EXPEDITORS,INTERNATIONAL,26 CENTURY BLVD SUITE 702,NASHVILLE,37214,TN,UNITED STATES,US,STARBUCKS_M
1000652963,ULTIUM CELLS LLC,301 DONALD F EPHLIN PKWY,,SPRING HILL,37174,TN,UNITED STATES,US,GENERALMOTORS_M
1000640163,ULTIUM CELLS LLC,7400 TOD AVE. SW,ULTIUM DIRECT MATERIALS BILLING,WARREN,44481,OH,UNITED STATES,US,GENERALMOTORS_M
URBAN OUTFITTERS_U,URBAN OUTFITTERS,5000 SOUTH BROAD ST,,PHILADELPHIA,19112,PA,UNITED STATES,US,
1000513906,URBAN OUTFITTERS,5000 SOUTH BROAD ST,,PHILADELPHIA,19112,PA,UNITED STATES,US,URBAN OUTFITTERS_M
VALARIS_M,VALARIS LIMITED MASTER,5847 SAN FELIPE ST,,HOUSTON,77057,TX,UNITED STATES,US,
1000594441,VALARIS LIMITED,5847 SAN FELIPE ST,,HOUSTON,77057,TX,UNITED STATES,US,VALARIS_M
WILLIAMS SONOMA_M,WILLIAMS SONOMA MASTER,3250 VAN NESS AVENUE,,SAN FRANCISCO,94109,CA,UNITED STATES,US,
1000599551,"WILLIAMS SONOMA, INC",3250 VAN NESS AVENUE,,SAN FRANCISCO,94109,CA,UNITED STATES,US,WILLIAMS SONOMA_M
YOKOHAMA_M,YOKOHAMA MASTER,"201 EDGEWATER DRIVE,SUITE 285",,WAKEFIELD,1880,MA,UNITED STATES,US,
1000651337,YOKOHAMA OFF-HIGHWAY TIRES AMERICA INC,"201 EDGEWATER DRIVE,SUITE 285",,WAKEFIELD,1880,MA,UNITED STATES,US,YOKOHAMA_M